"","Dates","Value","Type","Unit","Measure"
"1",2017-06-30 05:46:45,85921,"Weight",-3,85.921
"2",2017-06-30 05:46:45,76760,"FatFree",-3,76.76
"3",2017-06-30 05:46:45,10662,"FatRatio",-3,10.662
"4",2017-06-30 05:46:45,9161,"FatMass",-3,9.161
"5",2017-06-29 06:06:59,85844,"Weight",-3,85.844
"6",2017-06-29 06:06:59,77028,"FatFree",-3,77.028
"7",2017-06-29 06:06:59,10270,"FatRatio",-3,10.27
"8",2017-06-29 06:06:59,8816,"FatMass",-3,8.816
"9",2017-06-28 05:25:39,86107,"Weight",-3,86.107
"10",2017-06-28 05:25:39,76746,"FatFree",-3,76.746
"11",2017-06-28 05:25:39,10871,"FatRatio",-3,10.871
"12",2017-06-28 05:25:39,9361,"FatMass",-3,9.361
"13",2017-06-28 05:24:42,86285,"Weight",-3,86.285
"14",2017-06-28 05:24:42,76727,"FatFree",-3,76.727
"15",2017-06-28 05:24:42,11077,"FatRatio",-3,11.077
"16",2017-06-28 05:24:42,9558,"FatMass",-3,9.558
"17",2017-06-27 05:11:29,86608,"Weight",-3,86.608
"18",2017-06-27 05:11:29,77447,"FatFree",-3,77.447
"19",2017-06-27 05:11:29,10577,"FatRatio",-3,10.577
"20",2017-06-27 05:11:29,9161,"FatMass",-3,9.161
"21",2017-06-26 06:27:20,86652,"Weight",-3,86.652
"22",2017-06-26 06:27:20,77261,"FatFree",-3,77.261
"23",2017-06-26 06:27:20,10838,"FatRatio",-3,10.838
"24",2017-06-26 06:27:20,9391,"FatMass",-3,9.391
"25",2017-06-25 07:03:51,87150,"Weight",-3,87.15
"26",2017-06-25 07:03:51,77443,"FatFree",-3,77.443
"27",2017-06-25 07:03:51,11139,"FatRatio",-3,11.139
"28",2017-06-25 07:03:51,9707,"FatMass",-3,9.707
"29",2017-06-24 06:33:04,87692,"Weight",-3,87.692
"30",2017-06-24 06:33:04,79244,"FatFree",-3,79.244
"31",2017-06-24 06:33:04,9634,"FatRatio",-3,9.634
"32",2017-06-24 06:33:04,8448,"FatMass",-3,8.448
"33",2017-06-23 05:49:08,86981,"Weight",-3,86.981
"34",2017-06-23 05:49:08,78202,"FatFree",-3,78.202
"35",2017-06-23 05:49:08,10093,"FatRatio",-3,10.093
"36",2017-06-23 05:49:08,8779,"FatMass",-3,8.779
"37",2017-06-22 05:45:26,86523,"Weight",-3,86.523
"38",2017-06-22 05:45:26,78182,"FatFree",-3,78.182
"39",2017-06-22 05:45:26,9640,"FatRatio",-3,9.64
"40",2017-06-22 05:45:26,8341,"FatMass",-3,8.341
"41",2017-06-21 05:47:23,86312,"Weight",-3,86.312
"42",2017-06-21 05:47:23,77408,"FatFree",-3,77.408
"43",2017-06-21 05:47:23,10316,"FatRatio",-3,10.316
"44",2017-06-21 05:47:23,8904,"FatMass",-3,8.904
"45",2017-06-20 05:30:57,85846,"Weight",-3,85.846
"46",2017-06-20 05:30:57,77282,"FatFree",-3,77.282
"47",2017-06-20 05:30:57,9976,"FatRatio",-3,9.976
"48",2017-06-20 05:30:57,8564,"FatMass",-3,8.564
"49",2017-06-19 06:18:06,85790,"Weight",-3,85.79
"50",2017-06-19 06:18:06,76596,"FatFree",-3,76.596
"51",2017-06-19 06:18:06,10717,"FatRatio",-3,10.717
"52",2017-06-19 06:18:06,9194,"FatMass",-3,9.194
"53",2017-06-18 05:49:51,85563,"Weight",-3,85.563
"54",2017-06-18 05:49:51,76186,"FatFree",-3,76.186
"55",2017-06-18 05:49:51,10959,"FatRatio",-3,10.959
"56",2017-06-18 05:49:51,9377,"FatMass",-3,9.377
"57",2017-06-17 05:41:55,85556,"Weight",-3,85.556
"58",2017-06-17 05:41:55,76887,"FatFree",-3,76.887
"59",2017-06-17 05:41:55,10132,"FatRatio",-3,10.132
"60",2017-06-17 05:41:55,8669,"FatMass",-3,8.669
"61",2017-06-16 05:45:36,86117,"Weight",-3,86.117
"62",2017-06-16 05:45:36,77466,"FatFree",-3,77.466
"63",2017-06-16 05:45:36,10045,"FatRatio",-3,10.045
"64",2017-06-16 05:45:36,8651,"FatMass",-3,8.651
"65",2017-06-15 05:47:34,86165,"Weight",-3,86.165
"66",2017-06-15 05:47:34,77644,"FatFree",-3,77.644
"67",2017-06-15 05:47:34,9890,"FatRatio",-3,9.89
"68",2017-06-15 05:47:34,8521,"FatMass",-3,8.521
"69",2017-06-14 05:55:30,85717,"Weight",-3,85.717
"70",2017-06-14 05:55:30,76612,"FatFree",-3,76.612
"71",2017-06-14 05:55:30,10622,"FatRatio",-3,10.622
"72",2017-06-14 05:55:30,9105,"FatMass",-3,9.105
"73",2017-06-13 04:54:07,85866,"Weight",-3,85.866
"74",2017-06-13 04:54:07,76683,"FatFree",-3,76.683
"75",2017-06-13 04:54:07,10695,"FatRatio",-3,10.695
"76",2017-06-13 04:54:07,9183,"FatMass",-3,9.183
"77",2017-06-12 07:02:03,85909,"Weight",-3,85.909
"78",2017-06-12 07:02:03,76297,"FatFree",-3,76.297
"79",2017-06-12 07:02:03,11189,"FatRatio",-3,11.189
"80",2017-06-12 07:02:03,9612,"FatMass",-3,9.612
"81",2017-06-11 06:07:52,86312,"Weight",-3,86.312
"82",2017-06-11 06:07:52,77356,"FatFree",-3,77.356
"83",2017-06-11 06:07:52,10376,"FatRatio",-3,10.376
"84",2017-06-11 06:07:52,8956,"FatMass",-3,8.956
"85",2017-06-10 05:57:31,87549,"Weight",-3,87.549
"86",2017-06-10 05:57:31,79331,"FatFree",-3,79.331
"87",2017-06-10 05:57:31,9387,"FatRatio",-3,9.387
"88",2017-06-10 05:57:31,8218,"FatMass",-3,8.218
"89",2017-06-09 06:00:46,86924,"Weight",-3,86.924
"90",2017-06-09 06:00:46,77389,"FatFree",-3,77.389
"91",2017-06-09 06:00:46,10969,"FatRatio",-3,10.969
"92",2017-06-09 06:00:46,9535,"FatMass",-3,9.535
"93",2017-06-08 06:47:24,86460,"Weight",-3,86.46
"94",2017-06-08 06:47:24,77531,"FatFree",-3,77.531
"95",2017-06-08 06:47:24,10327,"FatRatio",-3,10.327
"96",2017-06-08 06:47:24,8929,"FatMass",-3,8.929
"97",2017-06-07 06:13:17,86539,"Weight",-3,86.539
"98",2017-06-07 06:13:17,77000,"FatFree",-3,77
"99",2017-06-07 06:13:17,11022,"FatRatio",-3,11.022
"100",2017-06-07 06:13:17,9539,"FatMass",-3,9.539
"101",2017-06-06 05:59:57,86519,"Weight",-3,86.519
"102",2017-06-06 05:59:57,76784,"FatFree",-3,76.784
"103",2017-06-06 05:59:57,11252,"FatRatio",-3,11.252
"104",2017-06-06 05:59:57,9735,"FatMass",-3,9.735
"105",2017-06-05 06:52:14,86408,"Weight",-3,86.408
"106",2017-06-05 06:52:14,76836,"FatFree",-3,76.836
"107",2017-06-05 06:52:14,11078,"FatRatio",-3,11.078
"108",2017-06-05 06:52:14,9572,"FatMass",-3,9.572
"109",2017-06-04 06:20:28,86623,"Weight",-3,86.623
"110",2017-06-04 06:20:28,77092,"FatFree",-3,77.092
"111",2017-06-04 06:20:28,11003,"FatRatio",-3,11.003
"112",2017-06-04 06:20:28,9531,"FatMass",-3,9.531
"113",2017-06-03 05:28:38,87438,"Weight",-3,87.438
"114",2017-06-03 05:28:38,78691,"FatFree",-3,78.691
"115",2017-06-03 05:28:38,10004,"FatRatio",-3,10.004
"116",2017-06-03 05:28:38,8747,"FatMass",-3,8.747
"117",2017-06-02 06:22:42,86579,"Weight",-3,86.579
"118",2017-06-02 06:22:42,78107,"FatFree",-3,78.107
"119",2017-06-02 06:22:42,9786,"FatRatio",-3,9.786
"120",2017-06-02 06:22:42,8472,"FatMass",-3,8.472
"121",2017-06-01 06:16:23,86177,"Weight",-3,86.177
"122",2017-06-01 06:16:23,77086,"FatFree",-3,77.086
"123",2017-06-01 06:16:23,10549,"FatRatio",-3,10.549
"124",2017-06-01 06:16:23,9091,"FatMass",-3,9.091
"125",2017-05-31 06:11:54,86326,"Weight",-3,86.326
"126",2017-05-31 06:11:54,76695,"FatFree",-3,76.695
"127",2017-05-31 06:11:54,11157,"FatRatio",-3,11.157
"128",2017-05-31 06:11:54,9631,"FatMass",-3,9.631
"129",2017-05-30 05:41:53,86412,"Weight",-3,86.412
"130",2017-05-30 05:41:53,78178,"FatFree",-3,78.178
"131",2017-05-30 05:41:53,9529,"FatRatio",-3,9.529
"132",2017-05-30 05:41:53,8234,"FatMass",-3,8.234
"133",2017-05-29 06:16:07,86561,"Weight",-3,86.561
"134",2017-05-29 06:16:07,77477,"FatFree",-3,77.477
"135",2017-05-29 06:16:07,10495,"FatRatio",-3,10.495
"136",2017-05-29 06:16:07,9084,"FatMass",-3,9.084
"137",2017-05-28 06:25:09,86674,"Weight",-3,86.674
"138",2017-05-28 06:25:09,78466,"FatFree",-3,78.466
"139",2017-05-28 06:25:09,9470,"FatRatio",-3,9.47
"140",2017-05-28 06:25:09,8208,"FatMass",-3,8.208
"141",2017-05-27 06:07:48,86763,"Weight",-3,86.763
"142",2017-05-27 06:07:48,77990,"FatFree",-3,77.99
"143",2017-05-27 06:07:48,10111,"FatRatio",-3,10.111
"144",2017-05-27 06:07:48,8773,"FatMass",-3,8.773
"145",2017-05-26 06:39:58,86482,"Weight",-3,86.482
"146",2017-05-26 06:39:58,77077,"FatFree",-3,77.077
"147",2017-05-26 06:39:58,10875,"FatRatio",-3,10.875
"148",2017-05-26 06:39:58,9405,"FatMass",-3,9.405
"149",2017-05-25 07:02:03,86850,"Weight",-3,86.85
"150",2017-05-25 07:02:03,77824,"FatFree",-3,77.824
"151",2017-05-25 07:02:03,10393,"FatRatio",-3,10.393
"152",2017-05-25 07:02:03,9026,"FatMass",-3,9.026
"153",2017-05-24 05:45:29,87022,"Weight",-3,87.022
"154",2017-05-24 05:45:29,77750,"FatFree",-3,77.75
"155",2017-05-24 05:45:29,10655,"FatRatio",-3,10.655
"156",2017-05-24 05:45:29,9272,"FatMass",-3,9.272
"157",2017-05-23 06:02:52,87068,"Weight",-3,87.068
"158",2017-05-23 06:02:52,77614,"FatFree",-3,77.614
"159",2017-05-23 06:02:52,10858,"FatRatio",-3,10.858
"160",2017-05-23 06:02:52,9454,"FatMass",-3,9.454
"161",2017-05-22 06:12:21,86814,"Weight",-3,86.814
"162",2017-05-22 06:12:21,77285,"FatFree",-3,77.285
"163",2017-05-22 06:12:21,10976,"FatRatio",-3,10.976
"164",2017-05-22 06:12:21,9529,"FatMass",-3,9.529
"165",2017-05-21 05:32:34,87444,"Weight",-3,87.444
"166",2017-05-21 05:32:34,77792,"FatFree",-3,77.792
"167",2017-05-21 05:32:34,11038,"FatRatio",-3,11.038
"168",2017-05-21 05:32:34,9652,"FatMass",-3,9.652
"169",2017-05-20 05:28:31,88148,"Weight",-3,88.148
"170",2017-05-20 05:28:31,79365,"FatFree",-3,79.365
"171",2017-05-20 05:28:31,9964,"FatRatio",-3,9.964
"172",2017-05-20 05:28:31,8783,"FatMass",-3,8.783
"173",2017-05-19 05:53:51,87709,"Weight",-3,87.709
"174",2017-05-19 05:53:51,78718,"FatFree",-3,78.718
"175",2017-05-19 05:53:51,10251,"FatRatio",-3,10.251
"176",2017-05-19 05:53:51,8991,"FatMass",-3,8.991
"177",2017-05-18 05:24:37,87510,"Weight",-3,87.51
"178",2017-05-18 05:24:37,78195,"FatFree",-3,78.195
"179",2017-05-18 05:24:37,10645,"FatRatio",-3,10.645
"180",2017-05-18 05:24:37,9315,"FatMass",-3,9.315
"181",2017-05-17 05:38:51,86606,"Weight",-3,86.606
"182",2017-05-17 05:38:51,76824,"FatFree",-3,76.824
"183",2017-05-17 05:38:51,11294,"FatRatio",-3,11.294
"184",2017-05-17 05:38:51,9782,"FatMass",-3,9.782
"185",2017-05-16 04:58:09,86838,"Weight",-3,86.838
"186",2017-05-16 04:58:09,77140,"FatFree",-3,77.14
"187",2017-05-16 04:58:09,11168,"FatRatio",-3,11.168
"188",2017-05-16 04:58:09,9698,"FatMass",-3,9.698
"189",2017-05-15 06:04:43,87155,"Weight",-3,87.155
"190",2017-05-15 06:04:43,77392,"FatFree",-3,77.392
"191",2017-05-15 06:04:43,11202,"FatRatio",-3,11.202
"192",2017-05-15 06:04:43,9763,"FatMass",-3,9.763
"193",2017-05-14 05:45:34,86797,"Weight",-3,86.797
"194",2017-05-14 05:45:34,77017,"FatFree",-3,77.017
"195",2017-05-14 05:45:34,11268,"FatRatio",-3,11.268
"196",2017-05-14 05:45:34,9780,"FatMass",-3,9.78
"197",2017-05-13 05:07:01,87147,"Weight",-3,87.147
"198",2017-05-13 05:07:01,77704,"FatFree",-3,77.704
"199",2017-05-13 05:07:01,10835,"FatRatio",-3,10.835
"200",2017-05-13 05:07:01,9443,"FatMass",-3,9.443
"201",2017-05-12 05:48:52,87820,"Weight",-3,87.82
"202",2017-05-12 05:48:52,78826,"FatFree",-3,78.826
"203",2017-05-12 05:48:52,10242,"FatRatio",-3,10.242
"204",2017-05-12 05:48:52,8994,"FatMass",-3,8.994
"205",2017-05-11 05:29:09,86777,"Weight",-3,86.777
"206",2017-05-11 05:29:09,77632,"FatFree",-3,77.632
"207",2017-05-11 05:29:09,10538,"FatRatio",-3,10.538
"208",2017-05-11 05:29:09,9145,"FatMass",-3,9.145
"209",2017-05-10 06:08:02,86414,"Weight",-3,86.414
"210",2017-05-10 06:08:02,77354,"FatFree",-3,77.354
"211",2017-05-10 06:08:02,10484,"FatRatio",-3,10.484
"212",2017-05-10 06:08:02,9060,"FatMass",-3,9.06
"213",2017-05-09 06:16:24,86743,"Weight",-3,86.743
"214",2017-05-09 06:16:24,77668,"FatFree",-3,77.668
"215",2017-05-09 06:16:24,10462,"FatRatio",-3,10.462
"216",2017-05-09 06:16:24,9075,"FatMass",-3,9.075
"217",2017-05-08 06:18:18,86839,"Weight",-3,86.839
"218",2017-05-08 06:18:18,77088,"FatFree",-3,77.088
"219",2017-05-08 06:18:18,11229,"FatRatio",-3,11.229
"220",2017-05-08 06:18:18,9751,"FatMass",-3,9.751
"221",2017-05-07 07:23:12,86752,"Weight",-3,86.752
"222",2017-05-07 07:23:12,77724,"FatFree",-3,77.724
"223",2017-05-07 07:23:12,10406,"FatRatio",-3,10.406
"224",2017-05-07 07:23:12,9028,"FatMass",-3,9.028
"225",2017-05-06 07:01:36,85665,"Weight",-3,85.665
"226",2017-05-06 07:01:36,76486,"FatFree",-3,76.486
"227",2017-05-06 07:01:36,10715,"FatRatio",-3,10.715
"228",2017-05-06 07:01:36,9179,"FatMass",-3,9.179
"229",2017-05-05 06:31:45,86327,"Weight",-3,86.327
"230",2017-05-05 06:31:45,77209,"FatFree",-3,77.209
"231",2017-05-05 06:31:45,10562,"FatRatio",-3,10.562
"232",2017-05-05 06:31:45,9118,"FatMass",-3,9.118
"233",2017-05-04 06:05:45,85552,"Weight",-3,85.552
"234",2017-05-04 06:05:45,77288,"FatFree",-3,77.288
"235",2017-05-04 06:05:45,9660,"FatRatio",-3,9.66
"236",2017-05-04 06:05:45,8264,"FatMass",-3,8.264
"237",2017-05-03 06:53:25,85674,"Weight",-3,85.674
"238",2017-05-03 06:53:25,78106,"FatFree",-3,78.106
"239",2017-05-03 06:53:25,8834,"FatRatio",-3,8.834
"240",2017-05-03 06:53:25,7568,"FatMass",-3,7.568
"241",2017-05-02 06:01:54,86267,"Weight",-3,86.267
"242",2017-05-02 06:01:54,76873,"FatFree",-3,76.873
"243",2017-05-02 06:01:54,10890,"FatRatio",-3,10.89
"244",2017-05-02 06:01:54,9394,"FatMass",-3,9.394
"245",2017-05-01 06:28:06,84643,"Weight",-3,84.643
"246",2017-05-01 06:28:06,74968,"FatFree",-3,74.968
"247",2017-05-01 06:28:06,11430,"FatRatio",-3,11.43
"248",2017-05-01 06:28:06,9675,"FatMass",-3,9.675
"249",2017-04-30 05:20:08,85546,"Weight",-3,85.546
"250",2017-04-30 05:20:08,76178,"FatFree",-3,76.178
"251",2017-04-30 05:20:08,10950,"FatRatio",-3,10.95
"252",2017-04-30 05:20:08,9368,"FatMass",-3,9.368
"253",2017-04-18 06:07:13,84870,"Weight",-3,84.87
"254",2017-04-18 06:07:13,75712,"FatFree",-3,75.712
"255",2017-04-18 06:07:13,10791,"FatRatio",-3,10.791
"256",2017-04-18 06:07:13,9158,"FatMass",-3,9.158
"257",2017-04-17 05:38:06,84963,"Weight",-3,84.963
"258",2017-04-17 05:38:06,76596,"FatFree",-3,76.596
"259",2017-04-17 05:38:06,9847,"FatRatio",-3,9.847
"260",2017-04-17 05:38:06,8367,"FatMass",-3,8.367
"261",2017-04-16 06:11:21,84437,"Weight",-3,84.437
"262",2017-04-16 06:11:21,75751,"FatFree",-3,75.751
"263",2017-04-16 06:11:21,10287,"FatRatio",-3,10.287
"264",2017-04-16 06:11:21,8686,"FatMass",-3,8.686
"265",2017-04-15 06:23:40,84319,"Weight",-3,84.319
"266",2017-04-15 06:23:40,76374,"FatFree",-3,76.374
"267",2017-04-15 06:23:40,9423,"FatRatio",-3,9.423
"268",2017-04-15 06:23:40,7945,"FatMass",-3,7.945
"269",2017-04-14 04:41:38,84692,"Weight",-3,84.692
"270",2017-04-14 04:41:38,76462,"FatFree",-3,76.462
"271",2017-04-14 04:41:38,9717,"FatRatio",-3,9.717
"272",2017-04-14 04:41:38,8230,"FatMass",-3,8.23
"273",2017-04-13 06:08:41,84923,"Weight",-3,84.923
"274",2017-04-13 06:08:41,76824,"FatFree",-3,76.824
"275",2017-04-13 06:08:41,9537,"FatRatio",-3,9.537
"276",2017-04-13 06:08:41,8099,"FatMass",-3,8.099
"277",2017-04-12 05:59:27,84275,"Weight",-3,84.275
"278",2017-04-12 05:59:27,76303,"FatFree",-3,76.303
"279",2017-04-12 05:59:27,9460,"FatRatio",-3,9.46
"280",2017-04-12 05:59:27,7972,"FatMass",-3,7.972
"281",2017-04-11 06:04:51,84501,"Weight",-3,84.501
"282",2017-04-11 06:04:51,76465,"FatFree",-3,76.465
"283",2017-04-11 06:04:51,9510,"FatRatio",-3,9.51
"284",2017-04-11 06:04:51,8036,"FatMass",-3,8.036
"285",2017-04-10 06:13:37,85185,"Weight",-3,85.185
"286",2017-04-10 06:13:37,77403,"FatFree",-3,77.403
"287",2017-04-10 06:13:37,9136,"FatRatio",-3,9.136
"288",2017-04-10 06:13:37,7782,"FatMass",-3,7.782
"289",2017-04-09 07:08:44,84423,"Weight",-3,84.423
"290",2017-04-09 07:08:44,76377,"FatFree",-3,76.377
"291",2017-04-09 07:08:44,9531,"FatRatio",-3,9.531
"292",2017-04-09 07:08:44,8046,"FatMass",-3,8.046
"293",2017-04-08 05:53:13,83873,"Weight",-3,83.873
"294",2017-04-08 05:53:13,75430,"FatFree",-3,75.43
"295",2017-04-08 05:53:13,10067,"FatRatio",-3,10.067
"296",2017-04-08 05:53:13,8443,"FatMass",-3,8.443
"297",2017-04-07 05:58:23,83970,"Weight",-3,83.97
"298",2017-04-07 05:58:23,75957,"FatFree",-3,75.957
"299",2017-04-07 05:58:23,9542,"FatRatio",-3,9.542
"300",2017-04-07 05:58:23,8013,"FatMass",-3,8.013
"301",2017-04-06 06:14:59,84692,"Weight",-3,84.692
"302",2017-04-06 06:14:59,77345,"FatFree",-3,77.345
"303",2017-04-06 06:14:59,8674,"FatRatio",-3,8.674
"304",2017-04-06 06:14:59,7347,"FatMass",-3,7.347
"305",2017-04-05 06:15:31,84285,"Weight",-3,84.285
"306",2017-04-05 06:15:31,76938,"FatFree",-3,76.938
"307",2017-04-05 06:15:31,8716,"FatRatio",-3,8.716
"308",2017-04-05 06:15:31,7347,"FatMass",-3,7.347
"309",2017-04-04 05:52:03,85061,"Weight",-3,85.061
"310",2017-04-04 05:52:03,77637,"FatFree",-3,77.637
"311",2017-04-04 05:52:03,8728,"FatRatio",-3,8.728
"312",2017-04-04 05:52:03,7424,"FatMass",-3,7.424
"313",2017-04-04 05:51:09,82810,"Weight",-3,82.81
"314",2017-04-04 05:51:09,76068,"FatFree",-3,76.068
"315",2017-04-04 05:51:09,8141,"FatRatio",-3,8.141
"316",2017-04-04 05:51:09,6742,"FatMass",-3,6.742
"317",2017-04-03 05:49:47,83737,"Weight",-3,83.737
"318",2017-04-03 05:49:47,75411,"FatFree",-3,75.411
"319",2017-04-03 05:49:47,9943,"FatRatio",-3,9.943
"320",2017-04-03 05:49:47,8326,"FatMass",-3,8.326
"321",2017-04-02 06:00:29,84434,"Weight",-3,84.434
"322",2017-04-02 06:00:29,76626,"FatFree",-3,76.626
"323",2017-04-02 06:00:29,9247,"FatRatio",-3,9.247
"324",2017-04-02 06:00:29,7808,"FatMass",-3,7.808
"325",2017-04-01 05:47:08,84876,"Weight",-3,84.876
"326",2017-04-01 05:47:08,77688,"FatFree",-3,77.688
"327",2017-04-01 05:47:08,8469,"FatRatio",-3,8.469
"328",2017-04-01 05:47:08,7188,"FatMass",-3,7.188
"329",2017-03-31 05:53:33,84703,"Weight",-3,84.703
"330",2017-03-31 05:53:33,77008,"FatFree",-3,77.008
"331",2017-03-31 05:53:33,9085,"FatRatio",-3,9.085
"332",2017-03-31 05:53:33,7695,"FatMass",-3,7.695
"333",2017-03-30 06:18:23,84400,"Weight",-3,84.4
"334",2017-03-30 06:18:23,76998,"FatFree",-3,76.998
"335",2017-03-30 06:18:23,8770,"FatRatio",-3,8.77
"336",2017-03-30 06:18:23,7402,"FatMass",-3,7.402
"337",2017-03-29 06:06:58,84527,"Weight",-3,84.527
"338",2017-03-29 06:06:58,77210,"FatFree",-3,77.21
"339",2017-03-29 06:06:58,8656,"FatRatio",-3,8.656
"340",2017-03-29 06:06:58,7317,"FatMass",-3,7.317
"341",2017-03-28 06:13:03,84033,"Weight",-3,84.033
"342",2017-03-28 06:13:03,76181,"FatFree",-3,76.181
"343",2017-03-28 06:13:03,9344,"FatRatio",-3,9.344
"344",2017-03-28 06:13:03,7852,"FatMass",-3,7.852
"345",2017-03-27 06:28:12,82907,"Weight",-3,82.907
"346",2017-03-27 06:28:12,74816,"FatFree",-3,74.816
"347",2017-03-27 06:28:12,9759,"FatRatio",-3,9.759
"348",2017-03-27 06:28:12,8091,"FatMass",-3,8.091
"349",2017-03-26 07:19:34,83193,"Weight",-3,83.193
"350",2017-03-26 07:19:34,74534,"FatFree",-3,74.534
"351",2017-03-26 07:19:34,10409,"FatRatio",-3,10.409
"352",2017-03-26 07:19:34,8659,"FatMass",-3,8.659
"353",2017-03-25 06:22:59,84053,"Weight",-3,84.053
"354",2017-03-25 06:22:59,76047,"FatFree",-3,76.047
"355",2017-03-25 06:22:59,9525,"FatRatio",-3,9.525
"356",2017-03-25 06:22:59,8006,"FatMass",-3,8.006
"357",2017-03-24 06:47:19,83968,"Weight",-3,83.968
"358",2017-03-24 06:47:19,75812,"FatFree",-3,75.812
"359",2017-03-24 06:47:19,9713,"FatRatio",-3,9.713
"360",2017-03-24 06:47:19,8156,"FatMass",-3,8.156
"361",2017-03-23 06:05:08,84015,"Weight",-3,84.015
"362",2017-03-23 06:05:08,75883,"FatFree",-3,75.883
"363",2017-03-23 06:05:08,9679,"FatRatio",-3,9.679
"364",2017-03-23 06:05:08,8132,"FatMass",-3,8.132
"365",2017-03-22 05:59:06,84107,"Weight",-3,84.107
"366",2017-03-22 05:59:06,76026,"FatFree",-3,76.026
"367",2017-03-22 05:59:06,9609,"FatRatio",-3,9.609
"368",2017-03-22 05:59:06,8081,"FatMass",-3,8.081
"369",2017-03-21 05:58:41,84390,"Weight",-3,84.39
"370",2017-03-21 05:58:41,76750,"FatFree",-3,76.75
"371",2017-03-21 05:58:41,9054,"FatRatio",-3,9.054
"372",2017-03-21 05:58:41,7640,"FatMass",-3,7.64
"373",2017-03-20 06:13:07,85118,"Weight",-3,85.118
"374",2017-03-20 06:13:07,77120,"FatFree",-3,77.12
"375",2017-03-20 06:13:07,9397,"FatRatio",-3,9.397
"376",2017-03-20 06:13:07,7998,"FatMass",-3,7.998
"377",2017-03-19 06:57:18,85339,"Weight",-3,85.339
"378",2017-03-19 06:57:18,77131,"FatFree",-3,77.131
"379",2017-03-19 06:57:18,9618,"FatRatio",-3,9.618
"380",2017-03-19 06:57:18,8208,"FatMass",-3,8.208
"381",2017-03-18 06:21:39,84735,"Weight",-3,84.735
"382",2017-03-18 06:21:39,76926,"FatFree",-3,76.926
"383",2017-03-18 06:21:39,9216,"FatRatio",-3,9.216
"384",2017-03-18 06:21:39,7809,"FatMass",-3,7.809
"385",2017-03-17 06:06:05,84731,"Weight",-3,84.731
"386",2017-03-17 06:06:05,76727,"FatFree",-3,76.727
"387",2017-03-17 06:06:05,9446,"FatRatio",-3,9.446
"388",2017-03-17 06:06:05,8004,"FatMass",-3,8.004
"389",2017-03-16 05:56:48,85114,"Weight",-3,85.114
"390",2017-03-16 05:56:48,77416,"FatFree",-3,77.416
"391",2017-03-16 05:56:48,9044,"FatRatio",-3,9.044
"392",2017-03-16 05:56:48,7698,"FatMass",-3,7.698
"393",2017-03-15 06:08:41,84191,"Weight",-3,84.191
"394",2017-03-15 06:08:41,76454,"FatFree",-3,76.454
"395",2017-03-15 06:08:41,9190,"FatRatio",-3,9.19
"396",2017-03-15 06:08:41,7737,"FatMass",-3,7.737
"397",2017-03-14 06:04:09,84457,"Weight",-3,84.457
"398",2017-03-14 06:04:09,76443,"FatFree",-3,76.443
"399",2017-03-14 06:04:09,9489,"FatRatio",-3,9.489
"400",2017-03-14 06:04:09,8014,"FatMass",-3,8.014
"401",2017-03-13 06:14:19,85532,"Weight",-3,85.532
"402",2017-03-13 06:14:19,77228,"FatFree",-3,77.228
"403",2017-03-13 06:14:19,9709,"FatRatio",-3,9.709
"404",2017-03-13 06:14:19,8304,"FatMass",-3,8.304
"405",2017-03-12 06:13:31,85112,"Weight",-3,85.112
"406",2017-03-12 06:13:31,77316,"FatFree",-3,77.316
"407",2017-03-12 06:13:31,9160,"FatRatio",-3,9.16
"408",2017-03-12 06:13:31,7796,"FatMass",-3,7.796
"409",2017-03-11 04:59:50,85012,"Weight",-3,85.012
"410",2017-03-11 04:59:50,76967,"FatFree",-3,76.967
"411",2017-03-11 04:59:50,9463,"FatRatio",-3,9.463
"412",2017-03-11 04:59:50,8045,"FatMass",-3,8.045
"413",2017-03-10 06:36:09,84426,"Weight",-3,84.426
"414",2017-03-10 06:36:09,76671,"FatFree",-3,76.671
"415",2017-03-10 06:36:09,9186,"FatRatio",-3,9.186
"416",2017-03-10 06:36:09,7755,"FatMass",-3,7.755
"417",2017-03-09 06:18:24,84204,"Weight",-3,84.204
"418",2017-03-09 06:18:24,77332,"FatFree",-3,77.332
"419",2017-03-09 06:18:24,8162,"FatRatio",-3,8.162
"420",2017-03-09 06:18:24,6872,"FatMass",-3,6.872
"421",2017-03-08 05:48:56,84209,"Weight",-3,84.209
"422",2017-03-08 05:48:56,76657,"FatFree",-3,76.657
"423",2017-03-08 05:48:56,8968,"FatRatio",-3,8.968
"424",2017-03-08 05:48:56,7552,"FatMass",-3,7.552
"425",2017-03-07 06:18:04,84795,"Weight",-3,84.795
"426",2017-03-07 06:18:04,77645,"FatFree",-3,77.645
"427",2017-03-07 06:18:04,8432,"FatRatio",-3,8.432
"428",2017-03-07 06:18:04,7150,"FatMass",-3,7.15
"429",2017-03-06 06:08:12,84137,"Weight",-3,84.137
"430",2017-03-06 06:08:12,75944,"FatFree",-3,75.944
"431",2017-03-06 06:08:12,9738,"FatRatio",-3,9.738
"432",2017-03-06 06:08:12,8193,"FatMass",-3,8.193
"433",2017-03-05 06:32:26,84218,"Weight",-3,84.218
"434",2017-03-05 06:32:26,76371,"FatFree",-3,76.371
"435",2017-03-05 06:32:26,9317,"FatRatio",-3,9.317
"436",2017-03-05 06:32:26,7847,"FatMass",-3,7.847
"437",2017-03-04 05:40:07,84969,"Weight",-3,84.969
"438",2017-03-04 05:40:07,77094,"FatFree",-3,77.094
"439",2017-03-04 05:40:07,9268,"FatRatio",-3,9.268
"440",2017-03-04 05:40:07,7875,"FatMass",-3,7.875
"441",2017-03-03 06:26:34,84077,"Weight",-3,84.077
"442",2017-03-03 06:26:34,76541,"FatFree",-3,76.541
"443",2017-03-03 06:26:34,8963,"FatRatio",-3,8.963
"444",2017-03-03 06:26:34,7536,"FatMass",-3,7.536
"445",2017-03-01 05:38:58,83931,"Weight",-3,83.931
"446",2017-03-01 05:38:58,76610,"FatFree",-3,76.61
"447",2017-03-01 05:38:58,8723,"FatRatio",-3,8.723
"448",2017-03-01 05:38:58,7321,"FatMass",-3,7.321
"449",2017-02-28 05:06:40,84527,"Weight",-3,84.527
"450",2017-02-28 05:06:40,76820,"FatFree",-3,76.82
"451",2017-02-28 05:06:40,9118,"FatRatio",-3,9.118
"452",2017-02-28 05:06:40,7707,"FatMass",-3,7.707
"453",2017-02-27 06:17:32,83906,"Weight",-3,83.906
"454",2017-02-27 06:17:32,75542,"FatFree",-3,75.542
"455",2017-02-27 06:17:32,9969,"FatRatio",-3,9.969
"456",2017-02-27 06:17:32,8364,"FatMass",-3,8.364
"457",2017-02-26 06:55:59,84612,"Weight",-3,84.612
"458",2017-02-26 06:55:59,76569,"FatFree",-3,76.569
"459",2017-02-26 06:55:59,9505,"FatRatio",-3,9.505
"460",2017-02-26 06:55:59,8043,"FatMass",-3,8.043
"461",2017-02-25 06:06:43,84834,"Weight",-3,84.834
"462",2017-02-25 06:06:43,77075,"FatFree",-3,77.075
"463",2017-02-25 06:06:43,9147,"FatRatio",-3,9.147
"464",2017-02-25 06:06:43,7759,"FatMass",-3,7.759
"465",2017-02-24 07:11:20,84813,"Weight",-3,84.813
"466",2017-02-24 07:11:20,77212,"FatFree",-3,77.212
"467",2017-02-24 07:11:20,8963,"FatRatio",-3,8.963
"468",2017-02-24 07:11:20,7601,"FatMass",-3,7.601
"469",2017-02-23 06:00:37,84008,"Weight",-3,84.008
"470",2017-02-23 06:00:37,76313,"FatFree",-3,76.313
"471",2017-02-23 06:00:37,9160,"FatRatio",-3,9.16
"472",2017-02-23 06:00:37,7695,"FatMass",-3,7.695
"473",2017-02-22 05:56:42,83944,"Weight",-3,83.944
"474",2017-02-22 05:56:42,75992,"FatFree",-3,75.992
"475",2017-02-22 05:56:42,9473,"FatRatio",-3,9.473
"476",2017-02-22 05:56:42,7952,"FatMass",-3,7.952
"477",2017-02-21 05:47:54,84662,"Weight",-3,84.662
"478",2017-02-21 05:47:54,76594,"FatFree",-3,76.594
"479",2017-02-21 05:47:54,9529,"FatRatio",-3,9.529
"480",2017-02-21 05:47:54,8068,"FatMass",-3,8.068
"481",2017-02-20 06:33:31,84173,"Weight",-3,84.173
"482",2017-02-20 06:33:31,75720,"FatFree",-3,75.72
"483",2017-02-20 06:33:31,10042,"FatRatio",-3,10.042
"484",2017-02-20 06:33:31,8453,"FatMass",-3,8.453
"485",2017-02-19 06:13:53,85033,"Weight",-3,85.033
"486",2017-02-19 06:13:53,77027,"FatFree",-3,77.027
"487",2017-02-19 06:13:53,9415,"FatRatio",-3,9.415
"488",2017-02-19 06:13:53,8006,"FatMass",-3,8.006
"489",2017-02-18 06:32:55,84926,"Weight",-3,84.926
"490",2017-02-18 06:32:55,76726,"FatFree",-3,76.726
"491",2017-02-18 06:32:55,9655,"FatRatio",-3,9.655
"492",2017-02-18 06:32:55,8200,"FatMass",-3,8.2
"493",2017-02-17 06:43:32,84387,"Weight",-3,84.387
"494",2017-02-17 06:43:32,76408,"FatFree",-3,76.408
"495",2017-02-17 06:43:32,9456,"FatRatio",-3,9.456
"496",2017-02-17 06:43:32,7979,"FatMass",-3,7.979
"497",2017-02-16 05:56:28,84316,"Weight",-3,84.316
"498",2017-02-16 05:56:28,76518,"FatFree",-3,76.518
"499",2017-02-16 05:56:28,9249,"FatRatio",-3,9.249
"500",2017-02-16 05:56:28,7798,"FatMass",-3,7.798
"501",2017-02-15 06:05:11,83681,"Weight",-3,83.681
"502",2017-02-15 06:05:11,76098,"FatFree",-3,76.098
"503",2017-02-15 06:05:11,9061,"FatRatio",-3,9.061
"504",2017-02-15 06:05:11,7583,"FatMass",-3,7.583
"505",2017-02-14 05:47:22,84541,"Weight",-3,84.541
"506",2017-02-14 05:47:22,76631,"FatFree",-3,76.631
"507",2017-02-14 05:47:22,9356,"FatRatio",-3,9.356
"508",2017-02-14 05:47:22,7910,"FatMass",-3,7.91
"509",2017-02-13 05:48:11,84040,"Weight",-3,84.04
"510",2017-02-13 05:48:11,75751,"FatFree",-3,75.751
"511",2017-02-13 05:48:11,9863,"FatRatio",-3,9.863
"512",2017-02-13 05:48:11,8289,"FatMass",-3,8.289
"513",2017-02-12 06:08:42,85144,"Weight",-3,85.144
"514",2017-02-12 06:08:42,77282,"FatFree",-3,77.282
"515",2017-02-12 06:08:42,9234,"FatRatio",-3,9.234
"516",2017-02-12 06:08:42,7862,"FatMass",-3,7.862
"517",2017-02-11 05:53:20,85186,"Weight",-3,85.186
"518",2017-02-11 05:53:20,77353,"FatFree",-3,77.353
"519",2017-02-11 05:53:20,9195,"FatRatio",-3,9.195
"520",2017-02-11 05:53:20,7833,"FatMass",-3,7.833
"521",2017-02-10 07:08:01,84721,"Weight",-3,84.721
"522",2017-02-10 07:08:01,77361,"FatFree",-3,77.361
"523",2017-02-10 07:08:01,8688,"FatRatio",-3,8.688
"524",2017-02-10 07:08:01,7360,"FatMass",-3,7.36
"525",2017-02-09 05:42:03,84477,"Weight",-3,84.477
"526",2017-02-09 05:42:03,76355,"FatFree",-3,76.355
"527",2017-02-09 05:42:03,9614,"FatRatio",-3,9.614
"528",2017-02-09 05:42:03,8122,"FatMass",-3,8.122
"529",2017-02-08 05:23:00,84262,"Weight",-3,84.262
"530",2017-02-08 05:23:00,76006,"FatFree",-3,76.006
"531",2017-02-08 05:23:00,9798,"FatRatio",-3,9.798
"532",2017-02-08 05:23:00,8256,"FatMass",-3,8.256
"533",2017-02-07 05:57:32,84329,"Weight",-3,84.329
"534",2017-02-07 05:57:32,76087,"FatFree",-3,76.087
"535",2017-02-07 05:57:32,9773,"FatRatio",-3,9.773
"536",2017-02-07 05:57:32,8242,"FatMass",-3,8.242
"537",2017-02-06 06:10:59,84341,"Weight",-3,84.341
"538",2017-02-06 06:10:59,75947,"FatFree",-3,75.947
"539",2017-02-06 06:10:59,9952,"FatRatio",-3,9.952
"540",2017-02-06 06:10:59,8394,"FatMass",-3,8.394
"541",2017-02-05 05:41:30,84793,"Weight",-3,84.793
"542",2017-02-05 05:41:30,76365,"FatFree",-3,76.365
"543",2017-02-05 05:41:30,9940,"FatRatio",-3,9.94
"544",2017-02-05 05:41:30,8428,"FatMass",-3,8.428
"545",2017-02-04 06:28:49,85213,"Weight",-3,85.213
"546",2017-02-04 06:28:49,76869,"FatFree",-3,76.869
"547",2017-02-04 06:28:49,9792,"FatRatio",-3,9.792
"548",2017-02-04 06:28:49,8344,"FatMass",-3,8.344
"549",2017-02-03 07:12:36,84153,"Weight",-3,84.153
"550",2017-02-03 07:12:36,76387,"FatFree",-3,76.387
"551",2017-02-03 07:12:36,9229,"FatRatio",-3,9.229
"552",2017-02-03 07:12:36,7766,"FatMass",-3,7.766
"553",2017-02-02 06:03:03,84261,"Weight",-3,84.261
"554",2017-02-02 06:03:03,76393,"FatFree",-3,76.393
"555",2017-02-02 06:03:03,9338,"FatRatio",-3,9.338
"556",2017-02-02 06:03:03,7868,"FatMass",-3,7.868
"557",2017-02-01 06:00:21,83614,"Weight",-3,83.614
"558",2017-02-01 06:00:21,76159,"FatFree",-3,76.159
"559",2017-02-01 06:00:21,8916,"FatRatio",-3,8.916
"560",2017-02-01 06:00:21,7455,"FatMass",-3,7.455
"561",2017-01-31 06:06:33,84076,"Weight",-3,84.076
"562",2017-01-31 06:06:33,76347,"FatFree",-3,76.347
"563",2017-01-31 06:06:33,9192,"FatRatio",-3,9.192
"564",2017-01-31 06:06:33,7729,"FatMass",-3,7.729
"565",2017-01-30 06:37:38,84052,"Weight",-3,84.052
"566",2017-01-30 06:37:38,75902,"FatFree",-3,75.902
"567",2017-01-30 06:37:38,9697,"FatRatio",-3,9.697
"568",2017-01-30 06:37:38,8150,"FatMass",-3,8.15
"569",2017-01-29 06:58:52,83974,"Weight",-3,83.974
"570",2017-01-29 06:58:52,75959,"FatFree",-3,75.959
"571",2017-01-29 06:58:52,9544,"FatRatio",-3,9.544
"572",2017-01-29 06:58:52,8015,"FatMass",-3,8.015
"573",2017-01-28 07:25:17,83888,"Weight",-3,83.888
"574",2017-01-28 07:25:17,76300,"FatFree",-3,76.3
"575",2017-01-28 07:25:17,9046,"FatRatio",-3,9.046
"576",2017-01-28 07:25:17,7588,"FatMass",-3,7.588
"577",2017-01-27 05:57:50,83254,"Weight",-3,83.254
"578",2017-01-27 05:57:50,75550,"FatFree",-3,75.55
"579",2017-01-27 05:57:50,9253,"FatRatio",-3,9.253
"580",2017-01-27 05:57:50,7704,"FatMass",-3,7.704
"581",2017-01-26 06:09:36,83948,"Weight",-3,83.948
"582",2017-01-26 06:09:36,76138,"FatFree",-3,76.138
"583",2017-01-26 06:09:36,9303,"FatRatio",-3,9.303
"584",2017-01-26 06:09:36,7810,"FatMass",-3,7.81
"585",2017-01-25 06:14:03,83656,"Weight",-3,83.656
"586",2017-01-25 06:14:03,75895,"FatFree",-3,75.895
"587",2017-01-25 06:14:03,9277,"FatRatio",-3,9.277
"588",2017-01-25 06:14:03,7761,"FatMass",-3,7.761
"589",2017-01-24 06:04:14,84535,"Weight",-3,84.535
"590",2017-01-24 06:04:14,77215,"FatFree",-3,77.215
"591",2017-01-24 06:04:14,8660,"FatRatio",-3,8.66
"592",2017-01-24 06:04:14,7320,"FatMass",-3,7.32
"593",2017-01-23 08:36:30,85055,"Weight",-3,85.055
"594",2017-01-23 08:36:30,77534,"FatFree",-3,77.534
"595",2017-01-23 08:36:30,8842,"FatRatio",-3,8.842
"596",2017-01-23 08:36:30,7521,"FatMass",-3,7.521
"597",2017-01-20 06:40:34,83256,"Weight",-3,83.256
"598",2017-01-20 06:40:34,75740,"FatFree",-3,75.74
"599",2017-01-20 06:40:34,9028,"FatRatio",-3,9.028
"600",2017-01-20 06:40:34,7516,"FatMass",-3,7.516
"601",2017-01-19 06:18:35,83716,"Weight",-3,83.716
"602",2017-01-19 06:18:35,76069,"FatFree",-3,76.069
"603",2017-01-19 06:18:35,9135,"FatRatio",-3,9.135
"604",2017-01-19 06:18:35,7647,"FatMass",-3,7.647
"605",2017-01-18 06:45:19,83619,"Weight",-3,83.619
"606",2017-01-18 06:45:19,75782,"FatFree",-3,75.782
"607",2017-01-18 06:45:19,9373,"FatRatio",-3,9.373
"608",2017-01-18 06:45:19,7837,"FatMass",-3,7.837
"609",2017-01-18 06:36:39,83689,"Weight",-3,83.689
"610",2017-01-18 06:36:39,76103,"FatFree",-3,76.103
"611",2017-01-18 06:36:39,9065,"FatRatio",-3,9.065
"612",2017-01-18 06:36:39,7586,"FatMass",-3,7.586
"613",2017-01-17 05:43:53,83843,"Weight",-3,83.843
"614",2017-01-17 05:43:53,75559,"FatFree",-3,75.559
"615",2017-01-17 05:43:53,9881,"FatRatio",-3,9.881
"616",2017-01-17 05:43:53,8284,"FatMass",-3,8.284
"617",2017-01-16 06:00:44,83650,"Weight",-3,83.65
"618",2017-01-16 06:00:44,75464,"FatFree",-3,75.464
"619",2017-01-16 06:00:44,9786,"FatRatio",-3,9.786
"620",2017-01-16 06:00:44,8186,"FatMass",-3,8.186
"621",2017-01-15 06:41:21,84664,"Weight",-3,84.664
"622",2017-01-15 06:41:21,76546,"FatFree",-3,76.546
"623",2017-01-15 06:41:21,9588,"FatRatio",-3,9.588
"624",2017-01-15 06:41:21,8118,"FatMass",-3,8.118
"625",2017-01-14 07:01:51,84461,"Weight",-3,84.461
"626",2017-01-14 07:01:51,76299,"FatFree",-3,76.299
"627",2017-01-14 07:01:51,9664,"FatRatio",-3,9.664
"628",2017-01-14 07:01:51,8162,"FatMass",-3,8.162
"629",2017-01-13 06:19:26,84297,"Weight",-3,84.297
"630",2017-01-13 06:19:26,76751,"FatFree",-3,76.751
"631",2017-01-13 06:19:26,8952,"FatRatio",-3,8.952
"632",2017-01-13 06:19:26,7546,"FatMass",-3,7.546
"633",2017-01-12 05:43:01,84509,"Weight",-3,84.509
"634",2017-01-12 05:43:01,76957,"FatFree",-3,76.957
"635",2017-01-12 05:43:01,8936,"FatRatio",-3,8.936
"636",2017-01-12 05:43:01,7552,"FatMass",-3,7.552
"637",2017-01-11 06:14:46,84322,"Weight",-3,84.322
"638",2017-01-11 06:14:46,76472,"FatFree",-3,76.472
"639",2017-01-11 06:14:46,9309,"FatRatio",-3,9.309
"640",2017-01-11 06:14:46,7850,"FatMass",-3,7.85
"641",2017-01-10 05:45:22,84076,"Weight",-3,84.076
"642",2017-01-10 05:45:22,76010,"FatFree",-3,76.01
"643",2017-01-10 05:45:22,9594,"FatRatio",-3,9.594
"644",2017-01-10 05:45:22,8066,"FatMass",-3,8.066
"645",2017-01-09 05:51:15,83610,"Weight",-3,83.61
"646",2017-01-09 05:51:15,75587,"FatFree",-3,75.587
"647",2017-01-09 05:51:15,9596,"FatRatio",-3,9.596
"648",2017-01-09 05:51:15,8023,"FatMass",-3,8.023
"649",2017-01-08 05:45:56,84141,"Weight",-3,84.141
"650",2017-01-08 05:45:56,76332,"FatFree",-3,76.332
"651",2017-01-08 05:45:56,9281,"FatRatio",-3,9.281
"652",2017-01-08 05:45:56,7809,"FatMass",-3,7.809
"653",2017-01-07 06:54:49,84664,"Weight",-3,84.664
"654",2017-01-07 06:54:49,76792,"FatFree",-3,76.792
"655",2017-01-07 06:54:49,9298,"FatRatio",-3,9.298
"656",2017-01-07 06:54:49,7872,"FatMass",-3,7.872
"657",2017-01-06 06:16:11,84956,"Weight",-3,84.956
"658",2017-01-06 06:16:11,77137,"FatFree",-3,77.137
"659",2017-01-06 06:16:11,9204,"FatRatio",-3,9.204
"660",2017-01-06 06:16:11,7819,"FatMass",-3,7.819
"661",2017-01-05 06:01:32,84026,"Weight",-3,84.026
"662",2017-01-05 06:01:32,76274,"FatFree",-3,76.274
"663",2017-01-05 06:01:32,9226,"FatRatio",-3,9.226
"664",2017-01-05 06:01:32,7752,"FatMass",-3,7.752
"665",2017-01-04 05:44:44,84181,"Weight",-3,84.181
"666",2017-01-04 05:44:44,76207,"FatFree",-3,76.207
"667",2017-01-04 05:44:44,9472,"FatRatio",-3,9.472
"668",2017-01-04 05:44:44,7974,"FatMass",-3,7.974
"669",2017-01-03 07:03:08,83837,"Weight",-3,83.837
"670",2017-01-03 07:03:08,76178,"FatFree",-3,76.178
"671",2017-01-03 07:03:08,9136,"FatRatio",-3,9.136
"672",2017-01-03 07:03:08,7659,"FatMass",-3,7.659
"673",2017-01-02 05:46:08,83441,"Weight",-3,83.441
"674",2017-01-02 05:46:08,75077,"FatFree",-3,75.077
"675",2017-01-02 05:46:08,10024,"FatRatio",-3,10.024
"676",2017-01-02 05:46:08,8364,"FatMass",-3,8.364
"677",2017-01-01 07:17:11,85060,"Weight",-3,85.06
"678",2017-01-01 07:17:11,77438,"FatFree",-3,77.438
"679",2017-01-01 07:17:11,8961,"FatRatio",-3,8.961
"680",2017-01-01 07:17:11,7622,"FatMass",-3,7.622
